event_id,well_id,event_type,depth_md,depth_tvd,formation,severity,description,cause,mitigation,outcome,source_document,source_page,confidence,npt_hours,source_section,extraction_model,extraction_timestamp,evidence
CementingReport_W076:event-001,W-076,STUCK_PIPE,2780,,Tipam,MEDIUM,Differential Pipe Sticking @ 2780 m,340 psi hydrostatic overbalance,15 bbl surfactant pipe-lax pill + low-density lightweight lead cement slurry (1.42 sg),"Freed pipe using 15 bbl organic surfactant spotting fluid. Subsequent 9-5/8"" casing cementing utilized fiber-laced 1.42 sg lead slurry to prevent breakdown across weak Tipam-Barail transition. -------------------------------------------------------------------------------- SECURITY WATERMARK: CONFIDENTIAL - OIL INDIA LTD - eRTMAC-NWIS VERIFIED",CementingReport_W076.pdf,1,0.9,,EXTRACTED EVENT,nwis-rules-baseline-v1,2026-09-28T05:32:19+00:00,"[{""field"": ""event_type"", ""original_text"": ""EXTRACTED EVENT: Differential Pipe Sticking @ 2780 m"", ""source_document"": ""CementingReport_W076.pdf"", ""source_page"": 1, ""source_section"": ""EXTRACTED EVENT""}, {""field"": ""description"", ""original_text"": ""EXTRACTED EVENT: Differential Pipe Sticking @ 2780 m"", ""source_document"": ""CementingReport_W076.pdf"", ""source_page"": 1, ""source_section"": ""EXTRACTED EVENT""}, {""field"": ""well_id"", ""original_text"": ""WELL ID: W-076 | FORMATION: Tipam Sandstone | INTERVAL: 2,400 m â 3,100 m"", ""source_document"": ""CementingReport_W076.pdf"", ""source_page"": 1, ""source_section"": ""EXTRACTED EVENT""}, {""field"": ""depth_md"", ""original_text"": ""EXTRACTED EVENT: Differential Pipe Sticking @ 2780 m"", ""source_document"": ""CementingReport_W076.pdf"", ""source_page"": 1, ""source_section"": ""EXTRACTED EVENT""}, {""field"": ""formation"", ""original_text"": ""WELL ID: W-076 | FORMATION: Tipam Sandstone | INTERVAL: 2,400 m â 3,100 m"", ""source_document"": ""CementingReport_W076.pdf"", ""source_page"": 1, ""source_section"": ""EXTRACTED EVENT""}, {""field"": ""severity"", ""original_text"": ""SEVERITY: MEDIUM | LOSS RATE: 1.5 bbl/hr"", ""source_document"": ""CementingReport_W076.pdf"", ""source_page"": 1, ""source_section"": ""EXTRACTED EVENT""}, {""field"": ""cause"", ""original_text"": ""Tipam sandstone due to 340 psi hydrostatic overbalance. Freed pipe using 15 bbl"", ""source_document"": ""CementingReport_W076.pdf"", ""source_page"": 1, ""source_section"": ""EXTRACTED EVENT""}, {""field"": ""mitigation"", ""original_text"": ""MITIGATION: 15 bbl surfactant pipe-lax pill + low-density lightweight lead cement slurry (1.42 sg)"", ""source_document"": ""CementingReport_W076.pdf"", ""source_page"": 1, ""source_section"": ""EXTRACTED EVENT""}, {""field"": ""outcome"", ""original_text"": ""Tipam sandstone due to 340 psi hydrostatic overbalance. Freed pipe using 15 bbl"", ""source_document"": ""CementingReport_W076.pdf"", ""source_page"": 1, ""source_section"": ""EXTRACTED EVENT""}]"
DDR_DLJ-07_2021-06-18:event-001,DLJ-07,KICK,3112,,Kopili,CRITICAL,"KICK at 3,112 m MD (KOPILI)",Kopili shale,"Shut in well on annular preventer, circulated kick out via driller's method and raised MW from 12.1 to 13.0 ppg.",circulated out via driller's method,DDR_DLJ-07_2021-06-18.pdf,1,0.9,46.0,4. DRILLING EVENTS / REMARKS,nwis-rules-baseline-v1,2026-09-28T05:32:19+00:00,"[{""field"": ""event_type"", ""original_text"": ""KICK at 3,112 m MD (KOPILI) | Severity: CRITICAL | NPT: 46.0 hrs | MW: 12.1 ppg"", ""source_document"": ""DDR_DLJ-07_2021-06-18.pdf"", ""source_page"": 1, ""source_section"": ""4. DRILLING EVENTS / REMARKS""}, {""field"": ""description"", ""original_text"": ""KICK at 3,112 m MD (KOPILI) | Severity: CRITICAL | NPT: 46.0 hrs | MW: 12.1 ppg"", ""source_document"": ""DDR_DLJ-07_2021-06-18.pdf"", ""source_page"": 1, ""source_section"": ""4. DRILLING EVENTS / REMARKS""}, {""field"": ""well_id"", ""original_text"": ""KICK at 3,112 m MD (KOPILI) | Severity: CRITICAL | NPT: 46.0 hrs | MW: 12.1 ppg\nWell kicked at 3,112 m MD on entering Kopili shale; pit gain 18 bbl, SIDPP 620 psi, SICP 780 psi. Gas\nunits peaked at 1,450. Influx circulated out via driller's method.\nMitigation: Shut in well on annular preventer, circulated kick out via driller's method and raised\nMW from 12.1 to 13.0 ppg.\nLesson: Raise MW before the Kopili transition; overpressure onset is sharp in this field."", ""source_document"": ""DDR_DLJ-07_2021-06-18.pdf"", ""source_page"": 1, ""source_section"": ""4. DRILLING EVENTS / REMARKS""}, {""field"": ""depth_md"", ""original_text"": ""KICK at 3,112 m MD (KOPILI) | Severity: CRITICAL | NPT: 46.0 hrs | MW: 12.1 ppg"", ""source_document"": ""DDR_DLJ-07_2021-06-18.pdf"", ""source_page"": 1, ""source_section"": ""4. DRILLING EVENTS / REMARKS""}, {""field"": ""formation"", ""original_text"": ""KICK at 3,112 m MD (KOPILI) | Severity: CRITICAL | NPT: 46.0 hrs | MW: 12.1 ppg"", ""source_document"": ""DDR_DLJ-07_2021-06-18.pdf"", ""source_page"": 1, ""source_section"": ""4. DRILLING EVENTS / REMARKS""}, {""field"": ""severity"", ""original_text"": ""KICK at 3,112 m MD (KOPILI) | Severity: CRITICAL | NPT: 46.0 hrs | MW: 12.1 ppg"", ""source_document"": ""DDR_DLJ-07_2021-06-18.pdf"", ""source_page"": 1, ""source_section"": ""4. DRILLING EVENTS / REMARKS""}, {""field"": ""cause"", ""original_text"": ""Well kicked at 3,112 m MD on entering Kopili shale; pit gain 18 bbl, SIDPP 620 psi, SICP 780 psi. Gas"", ""source_document"": ""DDR_DLJ-07_2021-06-18.pdf"", ""source_page"": 1, ""source_section"": ""4. DRILLING EVENTS / REMARKS""}, {""field"": ""mitigation"", ""original_text"": ""Mitigation: Shut in well on annular preventer, circulated kick out via driller's method and raised"", ""source_document"": ""DDR_DLJ-07_2021-06-18.pdf"", ""source_page"": 1, ""source_section"": ""4. DRILLING EVENTS / REMARKS""}, {""field"": ""outcome"", ""original_text"": ""units peaked at 1,450. Influx circulated out via driller's method."", ""source_document"": ""DDR_DLJ-07_2021-06-18.pdf"", ""source_page"": 1, ""source_section"": ""4. DRILLING EVENTS / REMARKS""}, {""field"": ""npt_hours"", ""original_text"": ""KICK at 3,112 m MD (KOPILI) | Severity: CRITICAL | NPT: 46.0 hrs | MW: 12.1 ppg"", ""source_document"": ""DDR_DLJ-07_2021-06-18.pdf"", ""source_page"": 1, ""source_section"": ""4. DRILLING EVENTS / REMARKS""}]"
DDR_DLJ-12_2019-03-14:event-001,DLJ-12,TORQUE_SPIKE,2912,,Barail,MEDIUM,"TORQUE SPIKE at 2,912 m MD (BARAIL)",Barail coal seams,"Reduced WOB/RPM, circulated bottoms-up and added lubricant to the mud system.",,DDR_DLJ-12_2019-03-14.pdf,1,0.9,3.0,4. DRILLING EVENTS / REMARKS,nwis-rules-baseline-v1,2026-09-28T05:32:19+00:00,"[{""field"": ""event_type"", ""original_text"": ""TORQUE SPIKE at 2,912 m MD (BARAIL) | Severity: MEDIUM | NPT: 3.0 hrs | MW: 10.5 ppg"", ""source_document"": ""DDR_DLJ-12_2019-03-14.pdf"", ""source_page"": 1, ""source_section"": ""4. DRILLING EVENTS / REMARKS""}, {""field"": ""description"", ""original_text"": ""TORQUE SPIKE at 2,912 m MD (BARAIL) | Severity: MEDIUM | NPT: 3.0 hrs | MW: 10.5 ppg"", ""source_document"": ""DDR_DLJ-12_2019-03-14.pdf"", ""source_page"": 1, ""source_section"": ""4. DRILLING EVENTS / REMARKS""}, {""field"": ""well_id"", ""original_text"": ""TORQUE SPIKE at 2,912 m MD (BARAIL) | Severity: MEDIUM | NPT: 3.0 hrs | MW: 10.5 ppg\nTorque increased from 9 to 13 kft-lb at 2,912 m MD on entering Barail coal seams; stick-slip\nobserved and ROP dropped from 9 to 4 m/hr.\nMitigation: Reduced WOB/RPM, circulated bottoms-up and added lubricant to the mud system.\nLesson: Upper Barail coal seams produce torque spikes 20-40 m below the top; pre-condition the mud\nbefore entering."", ""source_document"": ""DDR_DLJ-12_2019-03-14.pdf"", ""source_page"": 1, ""source_section"": ""4. DRILLING EVENTS / REMARKS""}, {""field"": ""depth_md"", ""original_text"": ""TORQUE SPIKE at 2,912 m MD (BARAIL) | Severity: MEDIUM | NPT: 3.0 hrs | MW: 10.5 ppg"", ""source_document"": ""DDR_DLJ-12_2019-03-14.pdf"", ""source_page"": 1, ""source_section"": ""4. DRILLING EVENTS / REMARKS""}, {""field"": ""formation"", ""original_text"": ""TORQUE SPIKE at 2,912 m MD (BARAIL) | Severity: MEDIUM | NPT: 3.0 hrs | MW: 10.5 ppg"", ""source_document"": ""DDR_DLJ-12_2019-03-14.pdf"", ""source_page"": 1, ""source_section"": ""4. DRILLING EVENTS / REMARKS""}, {""field"": ""severity"", ""original_text"": ""TORQUE SPIKE at 2,912 m MD (BARAIL) | Severity: MEDIUM | NPT: 3.0 hrs | MW: 10.5 ppg"", ""source_document"": ""DDR_DLJ-12_2019-03-14.pdf"", ""source_page"": 1, ""source_section"": ""4. DRILLING EVENTS / REMARKS""}, {""field"": ""cause"", ""original_text"": ""Torque increased from 9 to 13 kft-lb at 2,912 m MD on entering Barail coal seams; stick-slip"", ""source_document"": ""DDR_DLJ-12_2019-03-14.pdf"", ""source_page"": 1, ""source_section"": ""4. DRILLING EVENTS / REMARKS""}, {""field"": ""mitigation"", ""original_text"": ""Mitigation: Reduced WOB/RPM, circulated bottoms-up and added lubricant to the mud system."", ""source_document"": ""DDR_DLJ-12_2019-03-14.pdf"", ""source_page"": 1, ""source_section"": ""4. DRILLING EVENTS / REMARKS""}, {""field"": ""npt_hours"", ""original_text"": ""TORQUE SPIKE at 2,912 m MD (BARAIL) | Severity: MEDIUM | NPT: 3.0 hrs | MW: 10.5 ppg"", ""source_document"": ""DDR_DLJ-12_2019-03-14.pdf"", ""source_page"": 1, ""source_section"": ""4. DRILLING EVENTS / REMARKS""}]"
DDR_DLJ-12_2019-03-14:event-002,DLJ-12,STUCK_PIPE,2940,,Barail,HIGH,"STUCK PIPE at 2,940 m MD (BARAIL)",,Increased circulation before connections; short reaming intervals; improved hole conditioning with hi-vis sweeps.,freed after spotting 30 bbl lubricant,DDR_DLJ-12_2019-03-14.pdf,1,0.9,18.5,4. DRILLING EVENTS / REMARKS,nwis-rules-baseline-v1,2026-09-28T05:32:19+00:00,"[{""field"": ""event_type"", ""original_text"": ""STUCK PIPE at 2,940 m MD (BARAIL) | Severity: HIGH | NPT: 18.5 hrs | MW: 10.6 ppg"", ""source_document"": ""DDR_DLJ-12_2019-03-14.pdf"", ""source_page"": 1, ""source_section"": ""4. DRILLING EVENTS / REMARKS""}, {""field"": ""description"", ""original_text"": ""STUCK PIPE at 2,940 m MD (BARAIL) | Severity: HIGH | NPT: 18.5 hrs | MW: 10.6 ppg"", ""source_document"": ""DDR_DLJ-12_2019-03-14.pdf"", ""source_page"": 1, ""source_section"": ""4. DRILLING EVENTS / REMARKS""}, {""field"": ""well_id"", ""original_text"": ""STUCK PIPE at 2,940 m MD (BARAIL) | Severity: HIGH | NPT: 18.5 hrs | MW: 10.6 ppg\nPipe became stuck while making connection at 2,940 m MD in Barail shale/coal sequence. Overpull to\n85 klbs, no rotation. Worked pipe with jarring for 4.5 hrs; freed after spotting 30 bbl lubricant\npill. Torque had risen from 9 to 14 kft-lb over the preceding 60 m.\nMitigation: Increased circulation before connections; short reaming intervals; improved hole\nconditioning with hi-vis sweeps.\nLesson: Rising torque trend in upper Barail is a precursor to stuck pipe; ream every stand and keep\njars armed below 2,900 m."", ""source_document"": ""DDR_DLJ-12_2019-03-14.pdf"", ""source_page"": 1, ""source_section"": ""4. DRILLING EVENTS / REMARKS""}, {""field"": ""depth_md"", ""original_text"": ""STUCK PIPE at 2,940 m MD (BARAIL) | Severity: HIGH | NPT: 18.5 hrs | MW: 10.6 ppg"", ""source_document"": ""DDR_DLJ-12_2019-03-14.pdf"", ""source_page"": 1, ""source_section"": ""4. DRILLING EVENTS / REMARKS""}, {""field"": ""formation"", ""original_text"": ""STUCK PIPE at 2,940 m MD (BARAIL) | Severity: HIGH | NPT: 18.5 hrs | MW: 10.6 ppg"", ""source_document"": ""DDR_DLJ-12_2019-03-14.pdf"", ""source_page"": 1, ""source_section"": ""4. DRILLING EVENTS / REMARKS""}, {""field"": ""severity"", ""original_text"": ""STUCK PIPE at 2,940 m MD (BARAIL) | Severity: HIGH | NPT: 18.5 hrs | MW: 10.6 ppg"", ""source_document"": ""DDR_DLJ-12_2019-03-14.pdf"", ""source_page"": 1, ""source_section"": ""4. DRILLING EVENTS / REMARKS""}, {""field"": ""mitigation"", ""original_text"": ""Mitigation: Increased circulation before connections; short reaming intervals; improved hole"", ""source_document"": ""DDR_DLJ-12_2019-03-14.pdf"", ""source_page"": 1, ""source_section"": ""4. DRILLING EVENTS / REMARKS""}, {""field"": ""outcome"", ""original_text"": ""85 klbs, no rotation. Worked pipe with jarring for 4.5 hrs; freed after spotting 30 bbl lubricant"", ""source_document"": ""DDR_DLJ-12_2019-03-14.pdf"", ""source_page"": 1, ""source_section"": ""4. DRILLING EVENTS / REMARKS""}, {""field"": ""npt_hours"", ""original_text"": ""STUCK PIPE at 2,940 m MD (BARAIL) | Severity: HIGH | NPT: 18.5 hrs | MW: 10.6 ppg"", ""source_document"": ""DDR_DLJ-12_2019-03-14.pdf"", ""source_page"": 1, ""source_section"": ""4. DRILLING EVENTS / REMARKS""}]"
DDR_DLJ-18_2020-01-27_SCANNED:event-001,DLJ-18,TORQUE_SPIKE,2951,,Barail,LOW,"TORQUE SPIKE at 2,951 m MD (BARAIL)",,Reduced WOB/RPM and circulated bottoms-up.,,DDR_DLJ-18_2020-01-27_SCANNED.pdf,1,0.9,1.0,3. DRILLING EVENTS / REMARKS,nwis-rules-baseline-v1,2026-09-28T05:32:19+00:00,"[{""field"": ""event_type"", ""original_text"": ""TORQUE SPIKE at 2,951 m MD (BARAIL) | Severity: LOW | NPT: 1.0 hrs | MW: 10.4 ppg"", ""source_document"": ""DDR_DLJ-18_2020-01-27_SCANNED.pdf"", ""source_page"": 1, ""source_section"": ""3. DRILLING EVENTS / REMARKS""}, {""field"": ""description"", ""original_text"": ""TORQUE SPIKE at 2,951 m MD (BARAIL) | Severity: LOW | NPT: 1.0 hrs | MW: 10.4 ppg"", ""source_document"": ""DDR_DLJ-18_2020-01-27_SCANNED.pdf"", ""source_page"": 1, ""source_section"": ""3. DRILLING EVENTS / REMARKS""}, {""field"": ""well_id"", ""original_text"": ""Well: DLJ-18"", ""source_document"": ""DDR_DLJ-18_2020-01-27_SCANNED.pdf"", ""source_page"": 1, ""source_section"": ""3. DRILLING EVENTS / REMARKS""}, {""field"": ""depth_md"", ""original_text"": ""TORQUE SPIKE at 2,951 m MD (BARAIL) | Severity: LOW | NPT: 1.0 hrs | MW: 10.4 ppg"", ""source_document"": ""DDR_DLJ-18_2020-01-27_SCANNED.pdf"", ""source_page"": 1, ""source_section"": ""3. DRILLING EVENTS / REMARKS""}, {""field"": ""formation"", ""original_text"": ""TORQUE SPIKE at 2,951 m MD (BARAIL) | Severity: LOW | NPT: 1.0 hrs | MW: 10.4 ppg"", ""source_document"": ""DDR_DLJ-18_2020-01-27_SCANNED.pdf"", ""source_page"": 1, ""source_section"": ""3. DRILLING EVENTS / REMARKS""}, {""field"": ""severity"", ""original_text"": ""TORQUE SPIKE at 2,951 m MD (BARAIL) | Severity: LOW | NPT: 1.0 hrs | MW: 10.4 ppg"", ""source_document"": ""DDR_DLJ-18_2020-01-27_SCANNED.pdf"", ""source_page"": 1, ""source_section"": ""3. DRILLING EVENTS / REMARKS""}, {""field"": ""mitigation"", ""original_text"": ""Mitigation: Reduced WOB/RPM and circulated bottoms-up."", ""source_document"": ""DDR_DLJ-18_2020-01-27_SCANNED.pdf"", ""source_page"": 1, ""source_section"": ""3. DRILLING EVENTS / REMARKS""}, {""field"": ""npt_hours"", ""original_text"": ""TORQUE SPIKE at 2,951 m MD (BARAIL) | Severity: LOW | NPT: 1.0 hrs | MW: 10.4 ppg"", ""source_document"": ""DDR_DLJ-18_2020-01-27_SCANNED.pdf"", ""source_page"": 1, ""source_section"": ""3. DRILLING EVENTS / REMARKS""}]"
DDR_DLJ-21_2018-09-05:event-001,DLJ-21,MUD_LOSS,2431,,Tipam,LOW,"MUD LOSS at 2,431 m MD (TIPAM)",,Added fine LCM to the active system and monitored pit volume.,,DDR_DLJ-21_2018-09-05.pdf,1,0.9,1.5,4. DRILLING EVENTS / REMARKS,nwis-rules-baseline-v1,2026-09-28T05:32:19+00:00,"[{""field"": ""event_type"", ""original_text"": ""MUD LOSS at 2,431 m MD (TIPAM) | Severity: LOW | NPT: 1.5 hrs | MW: 9.8 ppg"", ""source_document"": ""DDR_DLJ-21_2018-09-05.pdf"", ""source_page"": 1, ""source_section"": ""4. DRILLING EVENTS / REMARKS""}, {""field"": ""description"", ""original_text"": ""MUD LOSS at 2,431 m MD (TIPAM) | Severity: LOW | NPT: 1.5 hrs | MW: 9.8 ppg"", ""source_document"": ""DDR_DLJ-21_2018-09-05.pdf"", ""source_page"": 1, ""source_section"": ""4. DRILLING EVENTS / REMARKS""}, {""field"": ""well_id"", ""original_text"": ""MUD LOSS at 2,431 m MD (TIPAM) | Severity: LOW | NPT: 1.5 hrs | MW: 9.8 ppg\nSeepage losses (4 bbl/hr) encountered in Tipam sands at 2,431 m MD; total loss 22 bbl.\nMitigation: Added fine LCM to the active system and monitored pit volume.\nLesson: Seepage in upper Tipam precedes larger losses deeper in the sand package."", ""source_document"": ""DDR_DLJ-21_2018-09-05.pdf"", ""source_page"": 1, ""source_section"": ""4. DRILLING EVENTS / REMARKS""}, {""field"": ""depth_md"", ""original_text"": ""MUD LOSS at 2,431 m MD (TIPAM) | Severity: LOW | NPT: 1.5 hrs | MW: 9.8 ppg"", ""source_document"": ""DDR_DLJ-21_2018-09-05.pdf"", ""source_page"": 1, ""source_section"": ""4. DRILLING EVENTS / REMARKS""}, {""field"": ""formation"", ""original_text"": ""MUD LOSS at 2,431 m MD (TIPAM) | Severity: LOW | NPT: 1.5 hrs | MW: 9.8 ppg"", ""source_document"": ""DDR_DLJ-21_2018-09-05.pdf"", ""source_page"": 1, ""source_section"": ""4. DRILLING EVENTS / REMARKS""}, {""field"": ""severity"", ""original_text"": ""MUD LOSS at 2,431 m MD (TIPAM) | Severity: LOW | NPT: 1.5 hrs | MW: 9.8 ppg"", ""source_document"": ""DDR_DLJ-21_2018-09-05.pdf"", ""source_page"": 1, ""source_section"": ""4. DRILLING EVENTS / REMARKS""}, {""field"": ""mitigation"", ""original_text"": ""Mitigation: Added fine LCM to the active system and monitored pit volume."", ""source_document"": ""DDR_DLJ-21_2018-09-05.pdf"", ""source_page"": 1, ""source_section"": ""4. DRILLING EVENTS / REMARKS""}, {""field"": ""npt_hours"", ""original_text"": ""MUD LOSS at 2,431 m MD (TIPAM) | Severity: LOW | NPT: 1.5 hrs | MW: 9.8 ppg"", ""source_document"": ""DDR_DLJ-21_2018-09-05.pdf"", ""source_page"": 1, ""source_section"": ""4. DRILLING EVENTS / REMARKS""}]"
DDR_HGJ-02_2014-02-22:event-001,HGJ-02,MUD_LOSS,3790,,Limestone,CRITICAL,"MUD LOSS at 3,790 m MD (SYLHET)",fractured Sylhet limestone,Reduced mud weight by 0.3 ppg and spotted a cross-linked LCM pill across the loss zone,cured after two attempts,DDR_HGJ-02_2014-02-22.pdf,1,0.9,52.0,4. DRILLING EVENTS / REMARKS,nwis-rules-baseline-v1,2026-09-28T05:32:19+00:00,"[{""field"": ""event_type"", ""original_text"": ""MUD LOSS at 3,790 m MD (SYLHET) | Severity: CRITICAL | NPT: 52.0 hrs | MW: 11.9 ppg"", ""source_document"": ""DDR_HGJ-02_2014-02-22.pdf"", ""source_page"": 1, ""source_section"": ""4. DRILLING EVENTS / REMARKS""}, {""field"": ""description"", ""original_text"": ""MUD LOSS at 3,790 m MD (SYLHET) | Severity: CRITICAL | NPT: 52.0 hrs | MW: 11.9 ppg"", ""source_document"": ""DDR_HGJ-02_2014-02-22.pdf"", ""source_page"": 1, ""source_section"": ""4. DRILLING EVENTS / REMARKS""}, {""field"": ""well_id"", ""original_text"": ""MUD LOSS at 3,790 m MD (SYLHET) | Severity: CRITICAL | NPT: 52.0 hrs | MW: 11.9 ppg\nTotal loss of returns at 3,790 m MD in fractured Sylhet limestone; loss rate exceeded 120 bbl/hr.\nStandpipe pressure dropped 380 psi. Well kept full with water while LCM was mixed.\nMitigation: Reduced mud weight by 0.3 ppg and spotted a cross-linked LCM pill across the loss zone;\ncured after two attempts.\nLesson: Reduce ECD (lower flow, controlled ROP) when approaching the Sylhet loss zone; stage\ncross-linked pills before drilling into the limestone."", ""source_document"": ""DDR_HGJ-02_2014-02-22.pdf"", ""source_page"": 1, ""source_section"": ""4. DRILLING EVENTS / REMARKS""}, {""field"": ""depth_md"", ""original_text"": ""MUD LOSS at 3,790 m MD (SYLHET) | Severity: CRITICAL | NPT: 52.0 hrs | MW: 11.9 ppg"", ""source_document"": ""DDR_HGJ-02_2014-02-22.pdf"", ""source_page"": 1, ""source_section"": ""4. DRILLING EVENTS / REMARKS""}, {""field"": ""formation"", ""original_text"": ""Total loss of returns at 3,790 m MD in fractured Sylhet limestone; loss rate exceeded 120 bbl/hr."", ""source_document"": ""DDR_HGJ-02_2014-02-22.pdf"", ""source_page"": 1, ""source_section"": ""4. DRILLING EVENTS / REMARKS""}, {""field"": ""severity"", ""original_text"": ""MUD LOSS at 3,790 m MD (SYLHET) | Severity: CRITICAL | NPT: 52.0 hrs | MW: 11.9 ppg"", ""source_document"": ""DDR_HGJ-02_2014-02-22.pdf"", ""source_page"": 1, ""source_section"": ""4. DRILLING EVENTS / REMARKS""}, {""field"": ""cause"", ""original_text"": ""Total loss of returns at 3,790 m MD in fractured Sylhet limestone; loss rate exceeded 120 bbl/hr."", ""source_document"": ""DDR_HGJ-02_2014-02-22.pdf"", ""source_page"": 1, ""source_section"": ""4. DRILLING EVENTS / REMARKS""}, {""field"": ""mitigation"", ""original_text"": ""Mitigation: Reduced mud weight by 0.3 ppg and spotted a cross-linked LCM pill across the loss zone;"", ""source_document"": ""DDR_HGJ-02_2014-02-22.pdf"", ""source_page"": 1, ""source_section"": ""4. DRILLING EVENTS / REMARKS""}, {""field"": ""outcome"", ""original_text"": ""cured after two attempts."", ""source_document"": ""DDR_HGJ-02_2014-02-22.pdf"", ""source_page"": 1, ""source_section"": ""4. DRILLING EVENTS / REMARKS""}, {""field"": ""npt_hours"", ""original_text"": ""MUD LOSS at 3,790 m MD (SYLHET) | Severity: CRITICAL | NPT: 52.0 hrs | MW: 11.9 ppg"", ""source_document"": ""DDR_HGJ-02_2014-02-22.pdf"", ""source_page"": 1, ""source_section"": ""4. DRILLING EVENTS / REMARKS""}]"
DDR_HGJ-02_2014-02-22:event-002,HGJ-02,KICK,3804,,,HIGH,"KICK at 3,804 m MD (SYLHET)",losses reduced hydrostatic head,"Flow-checked, closed BOP, circulated influx out and increased MW to 12.6 ppg with kill-line monitoring.",circulated influx out and increased MW to 12.6 ppg with,DDR_HGJ-02_2014-02-22.pdf,1,0.9,16.0,4. DRILLING EVENTS / REMARKS,nwis-rules-baseline-v1,2026-09-28T05:32:19+00:00,"[{""field"": ""event_type"", ""original_text"": ""KICK at 3,804 m MD (SYLHET) | Severity: HIGH | NPT: 16.0 hrs | MW: 12.3 ppg"", ""source_document"": ""DDR_HGJ-02_2014-02-22.pdf"", ""source_page"": 1, ""source_section"": ""4. DRILLING EVENTS / REMARKS""}, {""field"": ""description"", ""original_text"": ""KICK at 3,804 m MD (SYLHET) | Severity: HIGH | NPT: 16.0 hrs | MW: 12.3 ppg"", ""source_document"": ""DDR_HGJ-02_2014-02-22.pdf"", ""source_page"": 1, ""source_section"": ""4. DRILLING EVENTS / REMARKS""}, {""field"": ""well_id"", ""original_text"": ""KICK at 3,804 m MD (SYLHET) | Severity: HIGH | NPT: 16.0 hrs | MW: 12.3 ppg\nFlow observed on connection at 3,804 m MD (Sylhet) after losses reduced hydrostatic head; 9 bbl\ngain. Well shut in with SIDPP 310 psi.\nMitigation: Flow-checked, closed BOP, circulated influx out and increased MW to 12.6 ppg with\nkill-line monitoring.\nLesson: Narrow window in Sylhet: manage ECD carefully to avoid losses while holding the kick off."", ""source_document"": ""DDR_HGJ-02_2014-02-22.pdf"", ""source_page"": 1, ""source_section"": ""4. DRILLING EVENTS / REMARKS""}, {""field"": ""depth_md"", ""original_text"": ""KICK at 3,804 m MD (SYLHET) | Severity: HIGH | NPT: 16.0 hrs | MW: 12.3 ppg"", ""source_document"": ""DDR_HGJ-02_2014-02-22.pdf"", ""source_page"": 1, ""source_section"": ""4. DRILLING EVENTS / REMARKS""}, {""field"": ""severity"", ""original_text"": ""KICK at 3,804 m MD (SYLHET) | Severity: HIGH | NPT: 16.0 hrs | MW: 12.3 ppg"", ""source_document"": ""DDR_HGJ-02_2014-02-22.pdf"", ""source_page"": 1, ""source_section"": ""4. DRILLING EVENTS / REMARKS""}, {""field"": ""cause"", ""original_text"": ""Flow observed on connection at 3,804 m MD (Sylhet) after losses reduced hydrostatic head; 9 bbl"", ""source_document"": ""DDR_HGJ-02_2014-02-22.pdf"", ""source_page"": 1, ""source_section"": ""4. DRILLING EVENTS / REMARKS""}, {""field"": ""mitigation"", ""original_text"": ""Mitigation: Flow-checked, closed BOP, circulated influx out and increased MW to 12.6 ppg with"", ""source_document"": ""DDR_HGJ-02_2014-02-22.pdf"", ""source_page"": 1, ""source_section"": ""4. DRILLING EVENTS / REMARKS""}, {""field"": ""outcome"", ""original_text"": ""Mitigation: Flow-checked, closed BOP, circulated influx out and increased MW to 12.6 ppg with"", ""source_document"": ""DDR_HGJ-02_2014-02-22.pdf"", ""source_page"": 1, ""source_section"": ""4. DRILLING EVENTS / REMARKS""}, {""field"": ""npt_hours"", ""original_text"": ""KICK at 3,804 m MD (SYLHET) | Severity: HIGH | NPT: 16.0 hrs | MW: 12.3 ppg"", ""source_document"": ""DDR_HGJ-02_2014-02-22.pdf"", ""source_page"": 1, ""source_section"": ""4. DRILLING EVENTS / REMARKS""}]"
DDR_NHK-07_2016-11-02:event-001,NHK-07,TORQUE_SPIKE,2988,,Barail,MEDIUM,"TORQUE SPIKE at 2,988 m MD (BARAIL)",,"Lowered RPM, added lubricant to mud system and reamed the interval before drilling ahead.",,DDR_NHK-07_2016-11-02.pdf,1,0.9,2.5,4. DRILLING EVENTS / REMARKS,nwis-rules-baseline-v1,2026-09-28T05:32:19+00:00,"[{""field"": ""event_type"", ""original_text"": ""TORQUE SPIKE at 2,988 m MD (BARAIL) | Severity: MEDIUM | NPT: 2.5 hrs | MW: 10.7 ppg"", ""source_document"": ""DDR_NHK-07_2016-11-02.pdf"", ""source_page"": 1, ""source_section"": ""4. DRILLING EVENTS / REMARKS""}, {""field"": ""description"", ""original_text"": ""TORQUE SPIKE at 2,988 m MD (BARAIL) | Severity: MEDIUM | NPT: 2.5 hrs | MW: 10.7 ppg"", ""source_document"": ""DDR_NHK-07_2016-11-02.pdf"", ""source_page"": 1, ""source_section"": ""4. DRILLING EVENTS / REMARKS""}, {""field"": ""well_id"", ""original_text"": ""TORQUE SPIKE at 2,988 m MD (BARAIL) | Severity: MEDIUM | NPT: 2.5 hrs | MW: 10.7 ppg\nErratic torque (10-16 kft-lb) with pack-off tendency at 2,988 m MD in Barail coal/shale.\nMitigation: Lowered RPM, added lubricant to mud system and reamed the interval before drilling\nahead.\nLesson: Monitor the torque trend, not the absolute value, when drilling Barail."", ""source_document"": ""DDR_NHK-07_2016-11-02.pdf"", ""source_page"": 1, ""source_section"": ""4. DRILLING EVENTS / REMARKS""}, {""field"": ""depth_md"", ""original_text"": ""TORQUE SPIKE at 2,988 m MD (BARAIL) | Severity: MEDIUM | NPT: 2.5 hrs | MW: 10.7 ppg"", ""source_document"": ""DDR_NHK-07_2016-11-02.pdf"", ""source_page"": 1, ""source_section"": ""4. DRILLING EVENTS / REMARKS""}, {""field"": ""formation"", ""original_text"": ""TORQUE SPIKE at 2,988 m MD (BARAIL) | Severity: MEDIUM | NPT: 2.5 hrs | MW: 10.7 ppg"", ""source_document"": ""DDR_NHK-07_2016-11-02.pdf"", ""source_page"": 1, ""source_section"": ""4. DRILLING EVENTS / REMARKS""}, {""field"": ""severity"", ""original_text"": ""TORQUE SPIKE at 2,988 m MD (BARAIL) | Severity: MEDIUM | NPT: 2.5 hrs | MW: 10.7 ppg"", ""source_document"": ""DDR_NHK-07_2016-11-02.pdf"", ""source_page"": 1, ""source_section"": ""4. DRILLING EVENTS / REMARKS""}, {""field"": ""mitigation"", ""original_text"": ""Mitigation: Lowered RPM, added lubricant to mud system and reamed the interval before drilling"", ""source_document"": ""DDR_NHK-07_2016-11-02.pdf"", ""source_page"": 1, ""source_section"": ""4. DRILLING EVENTS / REMARKS""}, {""field"": ""npt_hours"", ""original_text"": ""TORQUE SPIKE at 2,988 m MD (BARAIL) | Severity: MEDIUM | NPT: 2.5 hrs | MW: 10.7 ppg"", ""source_document"": ""DDR_NHK-07_2016-11-02.pdf"", ""source_page"": 1, ""source_section"": ""4. DRILLING EVENTS / REMARKS""}]"
DDR_NHK-07_2016-11-02:event-002,NHK-07,STUCK_PIPE,3012,,Barail,HIGH,"STUCK PIPE at 3,012 m MD (BARAIL)",,"Applied controlled overpull to 110 klbs, spotted pipe-freeing agent and regained rotation after 9 hrs; reamed interval twice.",Freed after 9 hrs of jarring and a 40 bbl pipe-freeing pill,DDR_NHK-07_2016-11-02.pdf,1,0.9,22.0,4. DRILLING EVENTS / REMARKS,nwis-rules-baseline-v1,2026-09-28T05:32:19+00:00,"[{""field"": ""event_type"", ""original_text"": ""STUCK PIPE at 3,012 m MD (BARAIL) | Severity: HIGH | NPT: 22.0 hrs | MW: 10.8 ppg"", ""source_document"": ""DDR_NHK-07_2016-11-02.pdf"", ""source_page"": 1, ""source_section"": ""4. DRILLING EVENTS / REMARKS""}, {""field"": ""description"", ""original_text"": ""STUCK PIPE at 3,012 m MD (BARAIL) | Severity: HIGH | NPT: 22.0 hrs | MW: 10.8 ppg"", ""source_document"": ""DDR_NHK-07_2016-11-02.pdf"", ""source_page"": 1, ""source_section"": ""4. DRILLING EVENTS / REMARKS""}, {""field"": ""well_id"", ""original_text"": ""STUCK PIPE at 3,012 m MD (BARAIL) | Severity: HIGH | NPT: 22.0 hrs | MW: 10.8 ppg\nString stuck at 3,012 m MD in Barail after 35 min static during survey. Overpull 110 klbs, no\nrotation. Freed after 9 hrs of jarring and a 40 bbl pipe-freeing pill.\nMitigation: Applied controlled overpull to 110 klbs, spotted pipe-freeing agent and regained\nrotation after 9 hrs; reamed interval twice.\nLesson: Avoid static pipe across Barail coal seams; keep pipe moving during surveys and connections."", ""source_document"": ""DDR_NHK-07_2016-11-02.pdf"", ""source_page"": 1, ""source_section"": ""4. DRILLING EVENTS / REMARKS""}, {""field"": ""depth_md"", ""original_text"": ""STUCK PIPE at 3,012 m MD (BARAIL) | Severity: HIGH | NPT: 22.0 hrs | MW: 10.8 ppg"", ""source_document"": ""DDR_NHK-07_2016-11-02.pdf"", ""source_page"": 1, ""source_section"": ""4. DRILLING EVENTS / REMARKS""}, {""field"": ""formation"", ""original_text"": ""STUCK PIPE at 3,012 m MD (BARAIL) | Severity: HIGH | NPT: 22.0 hrs | MW: 10.8 ppg"", ""source_document"": ""DDR_NHK-07_2016-11-02.pdf"", ""source_page"": 1, ""source_section"": ""4. DRILLING EVENTS / REMARKS""}, {""field"": ""severity"", ""original_text"": ""STUCK PIPE at 3,012 m MD (BARAIL) | Severity: HIGH | NPT: 22.0 hrs | MW: 10.8 ppg"", ""source_document"": ""DDR_NHK-07_2016-11-02.pdf"", ""source_page"": 1, ""source_section"": ""4. DRILLING EVENTS / REMARKS""}, {""field"": ""mitigation"", ""original_text"": ""Mitigation: Applied controlled overpull to 110 klbs, spotted pipe-freeing agent and regained"", ""source_document"": ""DDR_NHK-07_2016-11-02.pdf"", ""source_page"": 1, ""source_section"": ""4. DRILLING EVENTS / REMARKS""}, {""field"": ""outcome"", ""original_text"": ""rotation. Freed after 9 hrs of jarring and a 40 bbl pipe-freeing pill."", ""source_document"": ""DDR_NHK-07_2016-11-02.pdf"", ""source_page"": 1, ""source_section"": ""4. DRILLING EVENTS / REMARKS""}, {""field"": ""npt_hours"", ""original_text"": ""STUCK PIPE at 3,012 m MD (BARAIL) | Severity: HIGH | NPT: 22.0 hrs | MW: 10.8 ppg"", ""source_document"": ""DDR_NHK-07_2016-11-02.pdf"", ""source_page"": 1, ""source_section"": ""4. DRILLING EVENTS / REMARKS""}]"
DDR_W093_142:event-001,W-093,MUD_LOSS,3428,,Barail,CRITICAL,Mud Loss @ 3428 m,,25 bbl High-Concentration LCM Pill (15 ppb Medium Nut-Plug + 10 ppb Coarse Flake Mica + 8 ppb Sized CaCO3),,DDR_W093_142.pdf,1,0.9,,EXTRACTED EVENT,nwis-rules-baseline-v1,2026-09-28T05:32:19+00:00,"[{""field"": ""event_type"", ""original_text"": ""EXTRACTED EVENT: Mud Loss @ 3428 m"", ""source_document"": ""DDR_W093_142.pdf"", ""source_page"": 1, ""source_section"": ""EXTRACTED EVENT""}, {""field"": ""description"", ""original_text"": ""EXTRACTED EVENT: Mud Loss @ 3428 m"", ""source_document"": ""DDR_W093_142.pdf"", ""source_page"": 1, ""source_section"": ""EXTRACTED EVENT""}, {""field"": ""well_id"", ""original_text"": ""WELL ID: W-093 | FORMATION: Barail Coal-Shale | INTERVAL: 3,410 m â 3,448 m"", ""source_document"": ""DDR_W093_142.pdf"", ""source_page"": 1, ""source_section"": ""EXTRACTED EVENT""}, {""field"": ""depth_md"", ""original_text"": ""EXTRACTED EVENT: Mud Loss @ 3428 m"", ""source_document"": ""DDR_W093_142.pdf"", ""source_page"": 1, ""source_section"": ""EXTRACTED EVENT""}, {""field"": ""formation"", ""original_text"": ""WELL ID: W-093 | FORMATION: Barail Coal-Shale | INTERVAL: 3,410 m â 3,448 m"", ""source_document"": ""DDR_W093_142.pdf"", ""source_page"": 1, ""source_section"": ""EXTRACTED EVENT""}, {""field"": ""severity"", ""original_text"": ""SEVERITY: CRITICAL | LOSS RATE: 15.4 bbl/hr"", ""source_document"": ""DDR_W093_142.pdf"", ""source_page"": 1, ""source_section"": ""EXTRACTED EVENT""}, {""field"": ""mitigation"", ""original_text"": ""MITIGATION: 25 bbl High-Concentration LCM Pill (15 ppb Medium Nut-Plug + 10 ppb Coarse Flake Mica + 8 ppb Sized CaCO3)"", ""source_document"": ""DDR_W093_142.pdf"", ""source_page"": 1, ""source_section"": ""EXTRACTED EVENT""}]"
DDR_W105_118:event-001,W-105,MUD_LOSS,,,Barail,,treatment in Moran-North-105 that restricted Barail mud losses to 9.6 bbl/hr with,,,,DDR_W105_118.pdf,1,0.7,,Unstructured report text,nwis-rules-baseline-v1,2026-09-28T05:32:19+00:00,"[{""field"": ""event_type"", ""original_text"": ""treatment in Moran-North-105 that restricted Barail mud losses to 9.6 bbl/hr with"", ""source_document"": ""DDR_W105_118.pdf"", ""source_page"": 1, ""source_section"": ""Unstructured report text""}, {""field"": ""description"", ""original_text"": ""treatment in Moran-North-105 that restricted Barail mud losses to 9.6 bbl/hr with"", ""source_document"": ""DDR_W105_118.pdf"", ""source_page"": 1, ""source_section"": ""Unstructured report text""}, {""field"": ""well_id"", ""original_text"": ""WELL ID: W-105 | FORMATION: Barail Coal-Shale | INTERVAL: 3,420 m â 3,465 m"", ""source_document"": ""DDR_W105_118.pdf"", ""source_page"": 1, ""source_section"": ""Unstructured report text""}, {""field"": ""formation"", ""original_text"": ""treatment in Moran-North-105 that restricted Barail mud losses to 9.6 bbl/hr with"", ""source_document"": ""DDR_W105_118.pdf"", ""source_page"": 1, ""source_section"": ""Unstructured report text""}]"
DDR_W105_118:event-002,W-105,NPT,,,,,zero stuck-pipe NPT.,,,,DDR_W105_118.pdf,1,0.7,,Unstructured report text,nwis-rules-baseline-v1,2026-09-28T05:32:19+00:00,"[{""field"": ""event_type"", ""original_text"": ""zero stuck-pipe NPT."", ""source_document"": ""DDR_W105_118.pdf"", ""source_page"": 1, ""source_section"": ""Unstructured report text""}, {""field"": ""description"", ""original_text"": ""zero stuck-pipe NPT."", ""source_document"": ""DDR_W105_118.pdf"", ""source_page"": 1, ""source_section"": ""Unstructured report text""}, {""field"": ""well_id"", ""original_text"": ""WELL ID: W-105 | FORMATION: Barail Coal-Shale | INTERVAL: 3,420 m â 3,465 m"", ""source_document"": ""DDR_W105_118.pdf"", ""source_page"": 1, ""source_section"": ""Unstructured report text""}]"
MudLog_W098_Barail:event-001,W-098,MUD_LOSS,3405,,Barail,HIGH,Mud Loss & Connection Gas @ 3405 m,,"25 bbl Sized CaCO3 (50-150 micron) + 15 ppb Mica pill; Driller’s Method well kill at 3,790 m with 1.34 sg mud",,MudLog_W098_Barail.pdf,1,0.9,,EXTRACTED EVENT,nwis-rules-baseline-v1,2026-09-28T05:32:19+00:00,"[{""field"": ""event_type"", ""original_text"": ""EXTRACTED EVENT: Mud Loss & Connection Gas @ 3405 m"", ""source_document"": ""MudLog_W098_Barail.pdf"", ""source_page"": 1, ""source_section"": ""EXTRACTED EVENT""}, {""field"": ""description"", ""original_text"": ""EXTRACTED EVENT: Mud Loss & Connection Gas @ 3405 m"", ""source_document"": ""MudLog_W098_Barail.pdf"", ""source_page"": 1, ""source_section"": ""EXTRACTED EVENT""}, {""field"": ""well_id"", ""original_text"": ""WELL ID: W-098 | FORMATION: Barail Coal-Shale & Kopili Shale | INTERVAL: 3,100 m â 4,010 m"", ""source_document"": ""MudLog_W098_Barail.pdf"", ""source_page"": 1, ""source_section"": ""EXTRACTED EVENT""}, {""field"": ""depth_md"", ""original_text"": ""EXTRACTED EVENT: Mud Loss & Connection Gas @ 3405 m"", ""source_document"": ""MudLog_W098_Barail.pdf"", ""source_page"": 1, ""source_section"": ""EXTRACTED EVENT""}, {""field"": ""formation"", ""original_text"": ""DOCUMENT: MudLog_W098_Barail.pdf (Geological Mud Logging Report)"", ""source_document"": ""MudLog_W098_Barail.pdf"", ""source_page"": 1, ""source_section"": ""EXTRACTED EVENT""}, {""field"": ""severity"", ""original_text"": ""SEVERITY: HIGH | LOSS RATE: 14.2 bbl/hr"", ""source_document"": ""MudLog_W098_Barail.pdf"", ""source_page"": 1, ""source_section"": ""EXTRACTED EVENT""}, {""field"": ""mitigation"", ""original_text"": ""MITIGATION: 25 bbl Sized CaCO3 (50-150 micron) + 15 ppb Mica pill; Driller’s Method well kill at 3,790 m with 1.34 sg mud"", ""source_document"": ""MudLog_W098_Barail.pdf"", ""source_page"": 1, ""source_section"": ""EXTRACTED EVENT""}]"
OIL_UpperAssam_Barail_Loss_Study_2025:event-001,NHR-04,STUCK_PIPE,,,,,circulation (10â22 bbl/hr) and subsequent coal-packoff stuck pipe within a narrow,,,,OIL_UpperAssam_Barail_Loss_Study_2025.pdf,1,0.7,,Unstructured report text,nwis-rules-baseline-v1,2026-09-28T05:32:19+00:00,"[{""field"": ""event_type"", ""original_text"": ""circulation (10â22 bbl/hr) and subsequent coal-packoff stuck pipe within a narrow"", ""source_document"": ""OIL_UpperAssam_Barail_Loss_Study_2025.pdf"", ""source_page"": 1, ""source_section"": ""Unstructured report text""}, {""field"": ""description"", ""original_text"": ""circulation (10â22 bbl/hr) and subsequent coal-packoff stuck pipe within a narrow"", ""source_document"": ""OIL_UpperAssam_Barail_Loss_Study_2025.pdf"", ""source_page"": 1, ""source_section"": ""Unstructured report text""}, {""field"": ""well_id"", ""original_text"": ""circulation (10â22 bbl/hr) and subsequent coal-packoff stuck pipe within a narrow"", ""source_document"": ""OIL_UpperAssam_Barail_Loss_Study_2025.pdf"", ""source_page"": 1, ""source_section"": ""Unstructured report text""}]"
WCR_W087_Final:event-001,W-087,MUD_LOSS,3430,,,CRITICAL,Stuck Pipe & Mud Loss @ 3430 m,,20 bbl LCM Pill + Hydraulic jarring (42T) + 15 bbl Organic Spotting Fluid + 3% KCl/Asphaltene inhibition,,WCR_W087_Final.pdf,1,0.9,,EXTRACTED EVENT,nwis-rules-baseline-v1,2026-09-28T05:32:19+00:00,"[{""field"": ""event_type"", ""original_text"": ""EXTRACTED EVENT: Stuck Pipe & Mud Loss @ 3430 m"", ""source_document"": ""WCR_W087_Final.pdf"", ""source_page"": 1, ""source_section"": ""EXTRACTED EVENT""}, {""field"": ""description"", ""original_text"": ""EXTRACTED EVENT: Stuck Pipe & Mud Loss @ 3430 m"", ""source_document"": ""WCR_W087_Final.pdf"", ""source_page"": 1, ""source_section"": ""EXTRACTED EVENT""}, {""field"": ""well_id"", ""original_text"": ""WELL ID: W-087 | FORMATION: Barail Coal-Shale | INTERVAL: 3,390 m â 3,460 m"", ""source_document"": ""WCR_W087_Final.pdf"", ""source_page"": 1, ""source_section"": ""EXTRACTED EVENT""}, {""field"": ""depth_md"", ""original_text"": ""EXTRACTED EVENT: Stuck Pipe & Mud Loss @ 3430 m"", ""source_document"": ""WCR_W087_Final.pdf"", ""source_page"": 1, ""source_section"": ""EXTRACTED EVENT""}, {""field"": ""severity"", ""original_text"": ""SEVERITY: CRITICAL | LOSS RATE: 12.8 bbl/hr"", ""source_document"": ""WCR_W087_Final.pdf"", ""source_page"": 1, ""source_section"": ""EXTRACTED EVENT""}, {""field"": ""mitigation"", ""original_text"": ""MITIGATION: 20 bbl LCM Pill + Hydraulic jarring (42T) + 15 bbl Organic Spotting Fluid + 3% KCl/Asphaltene inhibition"", ""source_document"": ""WCR_W087_Final.pdf"", ""source_page"": 1, ""source_section"": ""EXTRACTED EVENT""}]"
