well_id,field,latitude,longitude,source_documents,source_pages
DLJ-07,Duliajan,27.5072,95.0751,DDR_DLJ-07_2021-06-18.pdf,DDR_DLJ-07_2021-06-18.pdf#page=1
DLJ-12,Duliajan,27.513,95.1486,DDR_DLJ-12_2019-03-14.pdf,DDR_DLJ-12_2019-03-14.pdf#page=1
DLJ-18,Duliajan,27.4612,95.0595,DDR_DLJ-18_2020-01-27_SCANNED.pdf,DDR_DLJ-18_2020-01-27_SCANNED.pdf#page=1
DLJ-21,Duliajan,27.456,95.1349,DDR_DLJ-21_2018-09-05.pdf,DDR_DLJ-21_2018-09-05.pdf#page=1
HGJ-02,Hugrijan,27.3794,95.3512,DDR_HGJ-02_2014-02-22.pdf,DDR_HGJ-02_2014-02-22.pdf#page=1
NHK-07,Naharkatiya,27.4013,95.2012,DDR_NHK-07_2016-11-02.pdf,DDR_NHK-07_2016-11-02.pdf#page=1
NHR-04,,,,OIL_UpperAssam_Barail_Loss_Study_2025.pdf,OIL_UpperAssam_Barail_Loss_Study_2025.pdf#page=1
W-076,,,,CementingReport_W076.pdf,CementingReport_W076.pdf#page=1
W-087,,,,WCR_W087_Final.pdf,WCR_W087_Final.pdf#page=1
W-093,,,,DDR_W093_142.pdf,DDR_W093_142.pdf#page=1
W-098,,,,MudLog_W098_Barail.pdf,MudLog_W098_Barail.pdf#page=1
W-105,,,,DDR_W105_118.pdf,DDR_W105_118.pdf#page=1
