,DLJ-07,DLJ-12,DLJ-18,DLJ-21,HGJ-02,NHK-07,NHR-04,W-076,W-087,W-093,W-098,W-105
DLJ-07,1.0,0.3496,0.3005,0.1833,0.1804,0.2828,0.175,0.1369,0.234,0.1843,0.1704,0.16
DLJ-12,0.3169,1.0,0.5687,0.2174,0.1916,0.5904,0.175,0.1906,0.2169,0.417,0.4002,0.41
DLJ-18,0.3635,0.6752,1.0,0.1992,0.1798,0.5976,0.175,0.179,0.2182,0.4183,0.4017,0.41
DLJ-21,0.2463,0.3082,0.1992,1.0,0.1972,0.2651,0.175,0.3845,0.2103,0.1603,0.1423,0.16
HGJ-02,0.1083,0.1467,0.0448,0.0622,1.0,0.1961,0.175,0.1152,0.2273,0.1771,0.1567,0.16
NHK-07,0.2479,0.5922,0.4956,0.1747,0.2411,1.0,0.175,0.1611,0.2214,0.4215,0.4054,0.41
NHR-04,0.31,0.337,0.247,0.247,0.382,0.337,1.0,0.265,0.385,0.31,0.292,0.29
W-076,0.1819,0.27,0.161,0.3665,0.2322,0.237,0.175,1.0,0.2126,0.1627,0.1451,0.16
W-087,0.234,0.2446,0.1552,0.1473,0.3001,0.2493,0.25,0.1676,1.0,0.4074,0.3613,0.21
W-093,0.1843,0.4447,0.3553,0.0973,0.2499,0.4495,0.175,0.1177,0.4074,1.0,0.5636,0.41
W-098,0.1884,0.446,0.3567,0.0973,0.2474,0.4516,0.175,0.1181,0.3793,0.5816,1.0,0.41
W-105,0.26,0.537,0.447,0.197,0.332,0.537,0.255,0.215,0.31,0.51,0.492,1.0
